"–ó–µ—Ä–∫–∞–ª–∫–∞ –°–æ–Ω–∏, –Ω—É —ç—Ç–æ —Ç–æ–ª—å–∫–æ –¥–ª—è —Ñ–∞–Ω–∞—Ç–æ–≤, –ø—Ä–∏—á—ë–º –Ω–µ —Ñ–æ—Ç–æ–≥—Ä–∞—Ñ–∏–∏, –∞ –∏–º–µ–Ω–Ω–æ –°–æ–Ω–∏. –ê —Ç–∞–∫ –ø–æ–ª–Ω—ã–π –∑–∞—à–∫–≤–∞—Ä, –∏ –ø–µ—Ä–µ–ø–ª–∞—Ç–∞ –∑–∞ –≤—Å—ë. –ö—ç–Ω–æ–Ω –∏ –ù–∏–∫–æ–Ω –Ω–∞ –º–Ω–æ–≥–æ –∫–∞—á–µ—Å—Ç–≤–µ–Ω–Ω–µ–µ –∏ –±—é–¥–∂–µ—Ç–Ω–µ–µ. –ß—Ç–æ–± —Å—Ä–∞–≤–Ω–∏–≤–∞—Ç—å —Ç–µ–ª–µ—Ñ–æ–Ω –∏ –∑–µ—Ä–∫–∞–ª–∫—É –Ω–∞–¥–æ –±—ã—Ç—å —É–ø–æ—Ä–æ—Ç—ã–º –≤ –¥–æ—Å–∫—É. –ó–µ—Ä–∫–∞–ª–∫–∞ —ç—Ç–æ –¥–ª—è –ø—Ä–æ—Ñ–∏ –∏ —Ç.–ø., –∞ –º–æ–±–∏–ª–∞ –¥–ª—è —Å—Ç–∞–¥–∞.",0
–ú—É–¥–æ–∑–≤–æ–Ω- —ç—Ç–æ –ø—Ä–æ –∫–æ–≥–æ?–°—Ç–æ–ª—å–∫–æ –≤–æ–¥—ã,0
"<a href=""https://www.youtube.com/watch?v=NC9RAOuSYes&amp;t=10m25s"">10:25</a> –û—Ä—É",0
100–∫ –ª–∞–π–∫–æ–≤ —É–∂–µ –µ—Å—Ç—å –∞ —Å—Ä–∞–≤–Ω–µ–Ω–∏–µ iphone X –∏ –∫–∞–º–µ—Ä—ã Sony –Ω–µ—Ç—É ü§î,0
"üòÖ –¥–∞ —Ö–æ—Ä–æ—à, —á—Ç–æ —Å–µ—Ä—å—ë–∑–Ω–æ",0
–°–∞—Ä–∫–∞–∑–º –Ω–µ –Ω—É–∂–µ–Ω(,0
–ü–∏–∑–¥–∏—Ç —Ç–∞–∫ —á—Ç–æ –Ω–µ –æ—Ç–ª–∏—á–∏—à—å.,0
–û–Ω –∑–∞ –≤–∏–¥–µ–æ —Ö–æ—Ç—å —Ä–∞–∑ –∞–π—Ñ–æ–Ω –¥–æ—Å—Ç–∞–ª?,0
"—Å–º–∞—Ä—Ç—Ñ–æ–Ω –Ω–∏–∫–æ–≥–¥–∞ –Ω–µ —Å—Ä–∞–≤–Ω–∏—Ç—Å—è —Å —Ñ–æ—Ç–æ–∞–ø–ø–∞—Ä–∞—Ç–æ–º, –¥–∞–∂–µ micro 4/3",0
–≠—Ç–æ –≤–∏–¥–µ–æ —ç—Ç–æ –∫–∞–∫–æ–π-—Ç–æ —Å–ø–ª–æ—à–Ω–æ–π —Å–∞—Ä–∫–∞–∑–º!!,0
"<a href=""https://www.youtube.com/watch?v=NC9RAOuSYes&amp;t=2m23s"">2:23</a> –∫–∞–ø–µ—Ü, —É–∂–µ s11 –≤—ã—Ö–æ–¥–∏—Ç, –∞ YouTube —Ä–µ—à–∏–ª –º–Ω–µ —Ç–æ–ª—å–∫–æ —Å–µ–π—á–∞—Å –∫–∏–Ω—É—Ç—å —ç—Ç–æ –≤–∏–¥–µ–æ –≤ —Ä–µ–∫–æ–º–µ–Ω–¥–æ–≤–∞–Ω–Ω—ã–µ",0
–æ—Ä—É)),0
–î—è–¥—è –ñ–µ–Ω—è –∑–∞ –∫–∞–¥—Ä–æ–º –º–æ–ª—á–∏—Ç –∏ –¥—É–º–∞–µ—Ç: –Ω—É –∫—É–¥–∞ —Ç–µ–±–µ –º–æ–π —Ö–ª–µ–± –æ–±–æ–∑—Ä–µ–≤–∞—Ç—å!,0
"<a href=""https://www.youtube.com/watch?v=NC9RAOuSYes&amp;t=7m58s"">7:58</a> —á—Ç–æ –∑–∞ –ø—Ä–∏–∫–æ–ª? –ú–æ–Ω–æ –ø–æ –ø–æ–¥—Ä–æ–±–Ω–µ–µ?",0
"–¢—ã —á–µ —Ç—Ä–æ–ª—å? –†–∞–±–æ—Ç–∞–π, —Å—Ä–∞–≤–Ω–∏ –∏–ª–∏ —É–¥–∞–ª–∏!  –ö–∞–∫–æ–≥–æ —Ö—Ä–µ–Ω–∞ —Ç—ã –Ω–∞–∑–≤–∞–ª –≤–∏–¥–µ–æ,–µ—Å–ª–∏ –ø—Ä–æ—Å—Ç–æ –µ–±–∞—à–∏—à—å —Å–≤–æ—é –Ω–µ –≤ —Ä–æ—Ç –µ–±–∏—á–µ—Å–∫—É—é –æ–ø—Ç–∏–∫—É –±–µ–∑ –∫–∞–∫–æ–≥–æ –ª–∏–±–æ —Å—Ä–∞–≤–Ω–µ–Ω–∏—è?!! –î–∞ –æ–Ω–æ —Å—Ç–æ–∏—Ç –¥–µ–Ω–µ–≥ –∏ –æ–Ω–æ –∫—Ä—É—Ç–æ–µ, –Ω–æ —Ç–æ–≥–¥–∞ —Å–º–µ–Ω–∏ –Ω–∞–∑–≤–∞–Ω–∏–µ –∏ –Ω–µ –≤–≤–æ–¥–∏ –Ω–∞—Ä–æ–¥ –≤ –∑–∞–±–ª—É–∂–¥–µ–Ω–∏–µ!",0
"–Ω–∞ 09.38 —Ñ–æ—Ç–∫–∞ –≥–∞–≤–Ω–æ, –æ —á–µ–º —Ç—É—Ç —Ä–µ—á—å –≤–æ–æ–±—â–µ, –∑–∞–π–¥–∏ –Ω–∞ –º–∞–π–≤–µ–¥ –∏ –ø–æ—Å–º–æ—Ç—Ä–∏ –Ω–∞—Å—Ç–æ—è—â–∏–µ —Ñ–æ—Ç–æ",0
"–Ω–∞ —ç—Ç–∏ –¥–µ–Ω—å–≥–∏ –º–æ–∂–Ω–æ –∫—É–ø–∏—Ç—å 4 –∞–π—Ñ–æ–Ω–∞, –ø—Ä–∞–≤–¥–∞ –≤ —Å–ª–µ–¥—É—é—â–µ–º –≥–æ–¥—É –∏—Ö –∞–∫—Ç—É–∞–ª—å–Ω–æ—Å—Ç—å –∑–∞—Ç–º–∏—Ç –Ω–æ–≤–∞—è –º–æ–¥–µ–ª—å, –∞ —Å—Ç–µ–∫–ª–∞ –º–æ–≥—É—Ç –æ—Ç—Ä–∞–±–æ—Ç–∞—Ç—å –¥–µ—Å—è—Ç–æ–∫ –ª–µ—Ç, –∏ –∞–∫—Ç—É–∞–ª—å–Ω–æ—Å—Ç—å –∏—Ö –±—É–¥–µ—Ç –µ—â–µ –ø–æ—Å–ª–µ –∫–æ–Ω—á–∏–Ω—ã –≤–ª–∞–¥–µ–ª—å—Ü–∞",0
–®–æ —è —Ç—É—Ç –¥–µ–ª–∞—é?,0
"–§–∏–∑–∏–∫—É –Ω–µ –æ–±–º–∞–Ω–µ—à—å. –ù–∏–∫–∞–∫–æ–º—É –º–∞—Ä–∫–µ—Ç–∏–Ω–≥—É –Ω–µ –ø–æ–¥ —Å–∏–ª—É –≤—Ç–µ—Ä–µ—Ç—å –Ω–∞–º, —á—Ç–æ –ø–∏—Å—é–ª—å–∫–∞ —Ä–∞–∑–º–µ—Ä–æ–º –≤ –ø–æ–ª —Å–∞–Ω—Ç–∏–º–µ—Ç—Ä–∞ –ª—É—á—à–µ —á–µ–º –ø–æ–ª–Ω–æ—Ü–µ–Ω–Ω–∞—è –ª–∏–Ω–∑–∞ –∏ —Ñ–æ–∫—É—Å–Ω–æ–µ —Ä–∞—Å—Å—Ç–æ—è–Ω–∏–µ.",0
–∑–∞ —Ç–æ —Ñ—É–¥–∂–∏ –∏ –ø–∞–Ω–∞—Å–æ–Ω–∏–∫ –≤—Ä–æ–¥–µ —É—Å–ø–µ–≤–∞–µ—Ç –∑–∞ —Å–æ–Ω–∏),0
"–î–∞ —É–∂, —á—É–≤—Å—Ç–≤—É–µ—Ç—Å—è, –µ—Å–ª–∏ —Ç—ã –∏ —Å–Ω–∏–º–∞–ª –∫–æ–≥–¥–∞ —Ç–æ, —Ç–æ —ç—Ç–æ –±—ã–ª–æ –æ–æ–æ–æ—á–µ–Ω—å –¥–∞–≤–Ω–æ, –∏ –æ—á–µ–Ω—å –¥–∞–≤–Ω–æ —Ç—ã –Ω–µ —Å–ª–µ–¥–∏–ª –∑–∞ —Ñ–æ—Ç–æ–∏–Ω–¥—É—Å—Ç—Ä–∏–µ–π , –∫–æ—Å—è–∫–æ–≤ –∏ –≥–ª—É–ø–æ—Å—Ç–µ–π –Ω–∞–≥–æ–≤–æ—Ä–∏–ª —Ç—å—Ñ—É. –ê –≤–æ–æ–±—â–µ –ø–∏–∂–¥–µ–∂ –Ω–∞ –ø–∏–∂–¥–∏–∂–µ, –ø—Ä—è–º –≤–æ–Ω—å –ª—é—Ç–∞—è.",0
–ñ–∏—Ä–Ω–æ–µ –¥–Ω–æ –æ–ø—è—Ç—å –ø–∏–∑–¥–∏—Ç –∫–∞–∫–æ–π –æ–Ω –ø—Ä–æ—Ñ–∏ –∞—Ö–∞—Ö.,0
–ü–æ–æ—Ä–∞–ª —Å —Ñ–æ—Ç–æ–∫,0
"<a href=""https://www.youtube.com/watch?v=NC9RAOuSYes&amp;t=8m47s"">8:47</a> —Å—Ç–æ–∏—Ç –ª–∏ –ø–µ—Ä–µ–ø–ª–∞—á–∏–≤–∞—Ç—å –∑–∞ –∞–π—Ñ–æ–Ω –µ—Å–ª–∏ –º–æ–∂–Ω–æ –∫—É–ø–∏—Ç—å xiaomi?",0
–ü—Ä–æ–¥–∞–∂–Ω–∏–∫ !!!! –°–æ—á–∏–Ω–∏—Ç–µ–ª—å !!!!,0
–í—ã–∫—É–ø –Ω–µ–≤–µ—Å—Ç—ã –≤ —Ö—Ä—É—â–µ–≤—Å–∫–æ–π –ø—è—Ç–∏—ç—Ç–∞–∂–∫–µ - —ç—Ç–æ —Å—É–ø–µ—Ä—Ö–∏—Ç!,0
"—Ö–æ—Ç—å –∞–ª—å—Ñ–∞ —Ö–æ—Ç—å —á—Ç–æ, canon —ç—Ç–æ –≤–∏–¥–µ–æ –∏ —Ñ–æ—Ç–æ, nikon —ç—Ç–æ –∫—Ä—É—Ç–æ–µ —Ñ–æ—Ç–æ",0
"–ö–ª–∞—Å—Å–Ω–æ–µ –≤–∏–¥–µ–æ, –º–Ω–µ –ø–æ–Ω—Ä–∞–≤–∏–ª–æ—Å—å, —Å–ø–∞—Å–∏–±–æ)",0
–§–æ—Ç–æ–≥—Ä–∞—Ñ –∫–æ—Ç–æ—Ä—ã–π —Ä–∞–±–æ—Ç–∞–ª —Å hasselblad –≤—ã–±—Ä–∞–ª —Ç–µ–ª–µ—Ñ–æ–Ω –∫–∞–∫ –æ—Å–Ω–æ–≤–Ω–æ–π –∏–Ω—Å—Ç—Ä—É–º–µ–Ω—Ç –¥–ª—è —Ñ–æ—Ç–æ?))))))))))),0
–†–∞—Å—Å–∫–∞–∂–∏ –ø–æ–¥—Ä–æ–±–Ω–µ–π –æ —Å—Ä–∞–≤–Ω–µ–Ω–∏–∏ –≤–∏–¥–µ–æ –∏ —Ñ–æ—Ç–æ —Ä–µ–∂–∏–º–æ–≤,0
–ö–∞–º–µ—Ä–∞ –∑–∞ 400.000—Ä. vs. iPhone X - –µ—Å—Ç—å –ª–∏ —Å–º—ã—Å–ª —Å—Ä–∞–≤–Ω–∏–≤–∞—Ç—å? - –ù–µ—Ç —Å–º—ã—Å–ª–∞.,0
"–Ω–µ –≤—Å–µ —Ç–∞–∫ –ø—Ä–æ—Å—Ç–æ. –ø–∞–¥–∞–µ—Ç –≤—Å–µ - –∏ —Ç—É—à–∫–∏ –≤ —Ü–µ–Ω–µ –∏ –æ–ø—Ç–∏–∫–∞ —É—Å—Ç–∞—Ä–µ–≤–∞–µ—Ç –Ω–µ –º–µ–Ω–µ–µ –¥—Ä–∞–º–∞—Ç–∏—á–Ω–æ. –∫—ç–Ω–æ–Ω–æ–≤—Å–∫–∏–π 35 1,4 –æ –∫–∞–∫ –∏–º –∫–∏—á–∏–ª–∏—Å—å, –∫–∞–∫ –∏ 85 1,2 –∏–ª–∏ 50 1.2, 24 1,4 - –≤—Å–µ –æ–Ω–∏ –ø–æ—Ç–µ—Ä—è–ª–∏ –ø–æ–ª–æ–≤–∏–Ω—É —Å—Ç–æ–∏–º–æ—Å—Ç–∏ –∫–∞–∫ –º–∏–Ω–∏–º—É–º  <br />–ø—Ä–∞–≤–¥–∞ —Å–µ–π—á–∞—Å –¥–æ–ª–∂–Ω–æ –≤—Å–µ –∑–∞–º–µ–¥–ª–∏—Ç—Å—è —Å–∏–ª—å–Ω–æ. –±—ã–ª –ø–µ—Ä–µ—Ö–æ–¥ –æ—Ç 6-9 –ª–∏–Ω–∑ –≤ –æ–±—ä–µ–∫—Ç–∏–≤–µ –¥–æ 12-23 –ª–∏–Ω–∑ –≤ –æ–±—ä–µ–∫—Ç–∏–≤–µ. –¥–∞–∂–µ –≤ —Ç–∞–∫–æ–º –º–∏–¥–ª-—Ö–∞–π—ç–Ω–¥ –æ–±—ä–µ–∫—Ç–∏–≤–µ –∫–∞–∫ –∫—ç–Ω–æ–Ω —Ä—Ñ 24-70 2,8 is –≤—Ä–æ–¥–µ 22 –ª–∏–Ω–∑—ã –∏–ª–∏ 23 (–º–∏–¥–ª –Ω–∞–ø–∏—Å–∞–ª –∏–±–æ –µ—Å—Ç—å –∏ 28-70 2.0 –∫–æ—Ç–æ—Ä—ã–π –≤—ã—à–µ —Å—Ç–æ–∏—Ç).<br />–º–∞—Ç—Ä–∏—Ü—ã —É–∂–µ —Ç–æ–∂–µ –ø–æ–¥–æ—à–ª–∏ –∫ –ø—Ä–µ–¥–µ–ª—É. 60–º–ø  —É–∂–µ –ø—Ä–∏–ª–∏—á–Ω–æ —à—É–º–∏—Ç, –Ω–µ—Å–º–æ—Ç—Ä—è –Ω–∞ –æ–±–µ—â–∞–Ω–∏—è. <br />–±–æ—Ä—å–±–∞ –±—É–¥–µ—Ç –µ—â–µ –Ω–∞ 4 –≥–æ–¥–∞ —Å —Ä–æ–ª–∏–Ω–≥ —à–∞—Ç–µ—Ä–æ–º –∏ –ø–ª–∞–≤–Ω–æ—Å—Ç—å—é –∞–≤—Ç–æ—Ñ–æ–∫—É—Å–∞. –ø–æ—Å–ª–µ 2024 –≥–æ–¥–∞ –Ω–∞–¥–æ –±—É–¥–µ—Ç –ø–æ–ª–Ω–æ—Å—Ç—å—é –º–µ–Ω—è—Ç—å —Å–µ–Ω—Å–æ—Ä—ã - –¥–µ–ª–∞—Ç—å —Å—Ñ–µ—Ä–∏—á–µ—Å–∫–∏–µ, —Ç—Ä–µ—Ö—Å–ª–æ–π–Ω—ã–µ –∏ —Ç.–¥ =&gt; –æ–ø—è—Ç—å –æ–ø—Ç–∏–∫–∞ —É—Å—Ç–∞—Ä–µ–µ—Ç. —Å–∫–æ—Ä–µ–µ –≤—Å–µ–≥–æ –±—É–¥–µ—Ç –∏ —Å—Ä–µ–¥–Ω–∏–π —Ñ–æ—Ä–º–∞—Ç",0
–í –ï–≤—Ä–æ–ø–µ —É–∂–µ –º–æ–∂–Ω–æ –æ—Ñ–æ—Ä–º–∏—Ç—å –ø—Ä–µ–¥–∑–∞–∫–∞–∑ –Ω–∞ Sony A7R Mark lV,0
–ö–∞–∫–æ–π —Ç–æ –±—Ä–µ–¥!!!,0
–ë–ª—ç—Ç..–ø–æ–¥–∞—Ä–∏ –∞99,0
"<a href=""https://www.youtube.com/watch?v=NC9RAOuSYes&amp;t=7m20s"">7:20</a>  –ò–ª—å—è —á—É—Ç—å –ø–æ–¥ –∑–µ–º–ª—é –Ω–µ –ø—Ä–æ–≤–∞–ª–∏–ª—Å—è.))",0
"–Ω–æ—Ä–º–∞–ª—å–Ω–æ —Ç—ã –ø—Ä–æ—Å–º–æ—Ç—Ä—ã –ø–æ–¥–Ω—è–ª, –∑–∞ —Å—á–µ—Ç –∞–π—Ñ–æ–Ω–∞ –• –∞—Ö–∞—Ö–∞—Ö–∞—Ö–∞ –Ω–µ —Å–º–æ—Ç—Ä—è—Ç –ø—Ä–æ –∫–∞–º–µ—Ä—ã, —É–ø–æ–º—è–Ω—É –∞–π—Ñ–æ–Ω, –∏ –ø—Ä–æ—Å–º–æ—Ç—Ä–æ–≤ –Ω–∞–≤–∞–ª—è—Ç",0
"–°—ä—ë–º–∫–∞ , —Ç–∞–∫ —Å–∫–∞–∑–∞—Ç—å, –æ—Ç –ø–µ—Ä–≤–æ–≥–æ —è–π—Ü–∞)",0
—ç—Ç–æ —á—Ç–æ —Å—Ç—ë–± ? –ø—Ä–æ—Ñ–µ—Å—Å–∏–ê–Ω–∞–ª—å–Ω—ã–π —Ñ–æ—Ç–æ–≥—Ä–∞—Ñ ?,0
-–ù–∞ —á—ë–º –ø–æ–¥–Ω—è–ª–∞—Å—å –ò–≤–ª–µ–µ–≤–∞?<br />-–ù–∞ —Ö—É–µ—Ç–µ...,0
"—Ç–∞–∫ —ç—Ç–æ —É —Ç–µ–±—è —Å—Ç–∞—Ä–∞—è –º–æ–¥–µ–ª—å, –ø–æ—á–µ–º—É –Ω–µ a7 –º–∞—Ä–∫ 4 –∫—É–ø–∏–ª –Ω–æ–≤—É—é –º–æ–¥–µ–ª—å ?",0
"–í–∞–ª—è,—è –º–µ—á—Ç–∞—é —Å—Ç–∞—Ç—å —Ñ–æ—Ç–æ–≥—Ä–∞—Ñ–æ–º,–ø–æ–∂–∞–ª—É–π—Å—Ç–∞ —Å–∫–∏–Ω—å –¥–µ–Ω–µ–≥ –Ω–∞ –∫–∞–º–µ—Ä—É –¥–ª—è –Ω–∞—á–∏–Ω–∞—é—â–∏—Ö,–∞ —Ç–æ –ø–æ–∫–∞ —è –Ω–∞–∫–æ–ø–ª—é —è —É–∂–µ —É–º—Ä—É",0
—Å—Ç–æ–ª—å–∫–æ –±–æ–ª—Ç–∞–≤–Ω–∏ –∏ –Ω–∏–∫–∞–∫–æ–≥–æ —Å–º—ã—Å–ª–∞. –¥–∞–ª—å—à–µ 5–æ–π –º–∏–Ω—É—Ç–µ –Ω–µ –≤—ã–¥–µ—Ä–∂–∞–ª,0
"–∫–∞–∫–∏–º —Å–≤–∞–¥–µ–±–Ω—ã–º —Ñ–æ—Ç–æ–≥—Ä–∞—Ñ–æ–º, –µ—Å–ª–∏ —Ç—ã –±—ã–ª —é—Ä–∏—Å—Ç–æ–º?",0
"–∞—Ö–∞—Ö, –ª–µ–≥–æ –°—Ç–∏–≤ –î–∂–æ–±—Å –¥–∞–∂–µ –ø–æ–≤–µ—Ä–Ω—É–ª—Å—è –ø–æ—Å–ª–µ —É–¥–∞—Ä–∞ —Ç–∞–∫ –∂–µ, –∫–∞–∫ –Ω–∞—Å—Ç–æ—è—â–∏–π)))",0
"<a href=""https://www.youtube.com/watch?v=NC9RAOuSYes&amp;t=10m25s"">10:25</a> —Å–∞–º—ã–π –∑–∞–µ–±@—Ç—ã–π –º–æ–º–µ–Ω—Ç",0
–ì–µ–Ω–∏–∞–ª—å–Ω–æ–µ —Å—Ä–∞–≤–Ω–µ–Ω–∏–µ. –ü—Ä–∏–¥—É—Ä–æ–∫.,0
–ö–æ–Ω–µ—á–Ω–æ —Ñ–æ—Ç–æ–∞–ø–ø–∞—Ä–∞—Ç,0
"–•–º, –≤ —Å–∞—Ä–∫–∞–∑–º –Ω–µ –º–æ–∂–µ–º?<br />–î–∞ —Ç—ã –¥–æ–ª–±–æ*–± !<br />–ö–∞–∫ –¥—É–º–∞–µ—à—å, —ç—Ç–æ —Å–∞—Ä–∫–∞–∑–º?",0
"–¶–∏—Ñ—Ä–æ–≤—ã–µ —Ñ–æ—Ç–æ –Ω–µ —Å–æ—Ö—Ä–∞–Ω—è—é—Ç—Å—è –Ω–∏ —É –∫–æ–≥–æ, —á–µ—à–∏—Ç–µ –∑–∞ –Ω–æ—Ä–º–∞–ª—å–Ω—ã–µ –ø–ª–µ–Ω–æ—á–Ω—ã–µ —Ñ–æ—Ç–∏–∫–∏",0
–í–∏–¥–µ–æ –Ω–∞–∑—ã–≤–∞–µ—Ç—Å—è –∞–π—Ñ–æ–Ω—å –ø—Ä–æ—Ç–∏–≤ –∫–∞–º–µ—Ä—ã. –ù–∞–±–∏—Ä–∞–µ–º –ª–∞–π–∫–∏ –∏ –¥–µ–ª–∞–µ–º —Å—Ä–∞–≤–Ω–µ–Ω–∏–µ. –ß—Ç–∞–∞–∞–∞,0
–û—Ä–Ω—É–ª –ø—Ä–æ 135 –Ω–∞ –∞—Ä—Ö–∏—Ç–µ–∫—Ç—É—Ä—É <br />–û—Ä–Ω—É–ª –µ—â–µ —Ä–∞–∑ –ø—Ä–æ 400,0
–°—Ä–∞–≤–Ω–∏ —Å —Ö—É–∞–≤–µ–π –ø30 –ø—Ä–æ —Ç–∞–º 48 –º–ø,0
–°–ª–æ–≤–µ—Å–Ω—ã–π –∂–∏–¥–∫–∏–π —Å—Ç—É–ª.,0
"–°–µ–π—á–∞—Å –±—ã —Å—Ä–∞–≤–Ω–∏–≤–∞—Ç—å –ø—Ä–æ—Ñ–µ—Å—Å–∏–æ–Ω–∞–ª—å–Ω—ã–µ –∫–∞–º–µ—Ä—ã —Å –ê–π—Ñ–æ–Ω–æ–º , —ç—Ç–æ –¥–∏–≥—Ä–∞–¥–∞—Ü–∏—è , —Ä–µ–±—è—Ç )))",0
"–ù–µ—Å–∫–æ–ª—å–∫–æ —Ä–∞–∑ –ø–µ—Ä–µ—Å–º–∞—Ç—Ä–∏–≤–∞–ª <a href=""https://www.youtube.com/watch?v=NC9RAOuSYes&amp;t=6m39s"">6:39</a>",0
–†–æ–ª–∏–∫ –Ω–∏ –æ —á–µ–º,0
–º–∞—Ä–∞–∑–º –∫–∞–∫–æ–π —Ç–æ,0
–ê –ó–µ–Ω–∏—Ç –ú —Å—Ç–æ–∏—Ç 460000 —Ä,0
–ê —Ä–µ–¥–∏–º –Ω–æ—É—Ç 7 48 –º–µ–≥–∞–ø–∏–∫—Å–∞–ª,0
–ø–∏–∑–¥—é–∫ —Ç—ã –∞ –Ω–µ –ø–µ—Ä–µ–¥–æ–≤–∏–∫))),0
"–ö–æ–ª—Ö–æ–∑–∏—Ç—å))))) –ö–æ–ª—Ö–æ–∑–∏—Ç—å, —ç—Ç–æ, –∫–æ–≥–¥–∞ —Ç—ã —Ä—É—á–∫–∞–º–∏ —Å–≤–æ–∏–º–∏ –ø–æ—Ä–∞–±–æ—Ç–∞–µ—à—å. –ß—Ç–æ-—Ç–æ —Å–¥–µ–ª–∞–µ—à—å, –¥–æ—Ä–∞–±–æ—Ç–∞–µ—à—å. –ê –≤–∑—è—Ç—å —Ä–∞–∑—Ä–∞–±–æ—Ç–∫—É —è–ø–æ–Ω—Ü–µ–≤ –∏ —Å–æ–µ–¥–∏–Ω–∏—Ç—å, —ç—Ç–æ –Ω–µ –∫–æ–ª—Ö–æ–∑.",0
–ê –≥–¥–µ —Ç–µ—Å—Ç ? –¢–∞–∫ –Ω–µ –∏–Ω—Ç–µ—Ä–µ—Å–Ω–æ !,0
–ú–¥–∞–∞–∞ —Ä–∞–∑–æ—á–∞—Ä–æ–≤–∞–ª—Å—è –≤ –≤–∏–ª—Å–µ –¥–æ —Å–∞–º–æ–≥–æ –∫–æ–Ω—Ü–∞.... –¥–∞–ª—å—à–µ –Ω–µ–∫—É–¥–∞(((,0
–∏ –≥–¥–µ —Å—Ä–∞–≤–Ω–µ–Ω–∏–µ?,0
–∂–∞–ª–∫–æ –ø–æ—Ç—Ä–∞—á–µ–Ω–Ω–æ–µ –≤—Ä–µ–º—è –∞ –æ—Ç —Å–∫–æ—Ä–æ—Å—Ç–∏ –∏–∑–ª–æ–∂–µ–Ω–∏—è –ø–æ–¥—Ç–∞—à–Ω–∏–≤–∞–µ—Ç,0
—Å—Ä–∞–≤–Ω–∏–π —Å —Ö—É–∞–≤–µ–π,0
"<a href=""https://www.youtube.com/watch?v=NC9RAOuSYes&amp;t=5m49s"">5:49</a><br /><a href=""https://www.youtube.com/watch?v=NC9RAOuSYes&amp;t=6m09s"">6:09</a><br /><br />–í–∏–ª—Å–∞ —Å–æ–≤—Å–µ–º –æ–±–æ–∂—Ä–∞–ª—Å—è!",0
"–°–Ω–∏–º–∞—é —Å–≤–∞–¥—å–±—ã –≤ —Ñ–æ—Ä–º–∞—Ç–µ 360 –≤–∏–¥–µ–æ –∏ —Ñ–æ—Ç–æ, 8-904-996-79-29",0
"–ö–æ–≥–¥–∞ —É–≤–∏–¥–µ–ª –∫–∞–∫ –æ–Ω —Å–Ω—è–ª —Å –∫–∞–º–µ—Ä—ã –∫—Ä—ã—à–∫—É –∏ —Å–ª—é–Ω—è–º–∏ –±—Ä—ã–∑–≥–∞–ª –≤ –æ—Ç–∫—Ä—ã—Ç–æ–µ –¥—É–ø–ª–æ –∑–∞—Ç–≤–æ—Ä–∞, –¥–∞ –µ—â–µ –ø–æ—Ç–æ–º —Ç–æ –∂–µ —Å–∞–º–æ–µ —Å–¥–µ–ª–∞–ª —Å –ø–µ—Ä–µ—Ö–æ–¥–Ω–∏–∫–æ–º, –∞–∂ –ø–µ—Ä–µ–¥–µ—Ä–Ω—É–ª–æ! –ë–∞–∑–∞—Ä—É –Ω–æ–ª—å, —Å–º–∞—Ä—Ç—Ñ–æ–Ω –∑–∞—Å—Ç—Ä–∞—Ö–æ–≤–∞–Ω –æ—Ç —Ç–∞–∫–∏—Ö –≤–æ—Ç –ø—Ä–∏–∫–ª—é—á–µ–Ω–∏–π )))",0
"–í–∏–ª—Å–∞, –∑@‚ÇΩ–±–∞–ª —à—É—Ç–∏—Ç—å, –º—ã –Ω–µ –≤—ã–∫—É–ø–∞–µ–º)",0
–ü—Ä–æ –±–ª–µ–Ω–¥—É –Ω–æ—á—å—é —ç—Ç–æ –∑–∞—á–µ—Ç!)),0
–ù–∏—Ö—É—è –Ω–µ –ø–æ–Ω—è–ª)6,0
–ö–ª–∏–∫–±–µ–π—Ç,0
"–±–ª–∞ –±–ª–∞ –±–ª–∞ –æ–¥–∏–Ω –ø–∏–∑–¥–µ—à—å, –∫–∞–∫ —ç—Ç–æ –º–æ–∂–Ω–æ —Å–º–æ—Ç—Ä–µ—Ç—å?",0
–ü–æ—Ä–∞ —Å–∫–∞–∑–∞—Ç—å —á—Ç–æ –∞–π—Ñ–æ–Ω—ã —É–±–∏–≤–∞—é—Ç —Ñ–æ—Ç–∏–∫–∏ <br /><br />–£ –º–µ–Ω—è —Å–≤–æ–π –∫–∞–Ω–∞–ª –æ—Ü–µ–Ω–∏—Ç–µ,0
"–°–µ–∫—Ä–µ—Ç —Å–æ–Ω–∏,–æ–Ω–∏ –∫—É–ø–∏–ª–∏ –º–∏–Ω–æ–ª—Ç—É.",0
–ï—Å–ª–∏ —Ä—É–∫–∏ –∏–∑ –∂–æ–ø—ã –∏ –Ω–µ—Ç —Ö—É–¥–æ–∂–µ—Å—Ç–≤–µ–Ω–Ω–æ–≥–æ –≤–∏–¥–µ–Ω–∏—è –Ω–∏–∫–∞–∫–æ–µ –∂–µ–ª–µ–∑–æ –Ω–µ –ø–æ–º–æ–∂–µ—Ç.<br />–ù–∞—à –ø–∞—Ü–∏–µ–Ω—Ç - —Ç–æ—Ç —Å–∞–º—ã–π —Å–ª—É—á–∞–π.,0
"–í–∞—è, –¢—ã —Ä–µ–∞–ª—å–Ω–æ –¥—É—Ä–∞–∫....",0
–í—Å–µ–≥–¥–∞ —Å–º–æ—Ç—Ä—é —Ç–≤–æ–π –∫–∞–Ω–∞–ª,0
"–°–∞–º —Å–µ–±—è –Ω–µ –ø–æ—Ö–≤–∞–ª–∏—à—å, –Ω–∏–∫—Ç–æ –Ω–µ –ø–æ—Ö–≤–∞–ª–∏—Ç)) —è –≤ –ø–ª–∞–Ω–µ –µ–≥–æ –ß–°–í –∫–∞–∫ —Ñ–æ—Ç–æ–≥—Ä–∞—Ñ–∞. –£–±–æ–≥–∏–π —á–µ–ª, –∏–º—Ö–æ",0
"–ù–µ –¥–æ—Å–º–æ—Ç—Ä–µ–ª–∞,–∫–∞–∫ —Ç–æ–ª—å–∫–æ –Ω–∞—á–∏–Ω–∞—é—Ç –ø—Ä–æ –ª–∞–π–∫–∏,–∏–Ω—Ç–µ—Ä–µ—Å –ø—Ä–æ–ø–∞–¥–∞–µ—Ç —Å–º–æ—Ç—Ä–µ—Ç—å.",0
–ù–∏ –æ —á–µ–º –∏–∑ –∑–∞—è–≤–ª–µ–Ω–Ω–æ–≥–æ –Ω–∞–∑–≤–∞–Ω–∏—è :((,0
"–¢—É–ø–æ –ø–æ—Ç—Ä–∞—Ç–∏–ª 15 –º–∏–Ω—É—Ç, –∂–¥–∞–ª —Å—Ä–∞–≤–Ω–µ–Ω–∏–µ –∫–∞–º–µ—Ä—ã –∏ Iphone –∞ –ø–æ–ª—É—á–∏–ª –î–£–õ–Æ! –°–ø–∞—Å–∏–±–æ –∑–∞ –î–£–õ–Æ!",0
"–í–∏–ª—Å–∞, —Å–∫–∞–∂–∏ —Ç–æ–ª—å–∫–æ —á–µ—Å—Ç–Ω–æ, —Å–∫–æ–ª—å–∫–æ –±—É–¥–µ—Ç —Å—Ç–æ–∏—Ç—å –∑–∞–∫–∞–∑–∞—Ç—å —Ç–µ–±—è –≤ –∫–∞—á–µ—Å—Ç–≤–µ –≤–∏–¥–µ–æ–≥—Ä–∞—Ñ–∞\—Ñ–æ—Ç–æ–≥—Ä–∞—Ñ–∞ –Ω–∞ —Å–≤–∞–¥—å–±—É, –≤ 2019 –≥–æ–¥—É??? –ò –¥–µ–ª–æ –Ω–µ –≤ —Ç–æ–º —á—Ç–æ —Ç—ã —É–∂–µ –Ω–µ –∑–∞–Ω–∏–º–∞–µ—à—å—Å—è —ç—Ç–∏–º. –ê –∑–∞ –∫–∞–∫—É—é —Å—É–º–º—É —Ç—ã –±—ã –Ω–∞ —Å–µ–≥–æ–¥–Ω—è—à–Ω–∏–π –¥–µ–Ω—å —á–∏—Å—Ç–æ –ø–æ –ø—Ä–∏–∫–æ–ª—É –∑–∞—Ö–æ—Ç–µ–ª –±—ã –≤—Å–ø–æ–º–Ω–∏—Ç—å –ø—Ä–æ—à–ª–æ–µ –∏ –ø–æ—Å–Ω–∏–º–∞—Ç—å –Ω–∞ —Å–≤–∞–¥—å–±–µ –≤ –ú–æ—Å–∫–≤–µ!?",0
"–ü–æ–Ω—è—Ç–Ω–æ, —á—Ç–æ –Ω–∞–∑–≤–∞–Ω–∏–µ —Ä–æ–ª–∏–∫–∞ –ø—Ä–æ—Å—Ç–æ –¥–ª—è –ø—Ä–∏–≤–ª–µ—á–µ–Ω–∏—è –≤–Ω–∏–º–∞–Ω–∏—è, –∏–±–æ —Å—Ä–∞–≤–Ω–∏–≤–∞—Ç—å –∂–æ–ø—É —Å –ø–∞–ª—å—Ü–µ–º –º–æ–∂–Ω–æ, –Ω–æ –Ω–µ–∫–æ—Ä—Ä–µ–∫—Ç–Ω–æ...",0
"–ù–µ –±–æ–ª–µ–µ –∑–ª—ã–µ, –ø—Ä–æ—Å—Ç–æ —Å–ø–µ—Ü–∏–∞–ª—å–Ω–æ –¥–ª—è —Å–ø–æ—Ä—Ç–∏–≤–Ω—ã—Ö –º–µ—Ä–æ–ø—Ä–∏—è—Ç–∏–π —Å–æ–∑–¥–∞–ª–∏ A9, –∫–æ—Ç–æ—Ä–∞—è –≤ —Å–≤–æ—é –æ—á–µ—Ä–µ–¥—å –Ω–µ —Å–ø–æ—Å–æ–±–Ω–∞ –¥–∞–≤–∞—Ç—å —Ç–æ–≥–æ –∂–µ –∫–∞—á–µ—Å—Ç–≤–∞, —á—Ç–æ A7R III. –ö–∞–º–µ—Ä–∞ –¥—Ä—É–≥–æ–≥–æ –Ω–∞–∑–Ω–∞—á–µ–Ω–∏—è, –∫–∞–∫ –∏ A7S, –Ω–∞–ø—Ä–∏–º–µ—Ä",0
"<a href=""https://www.youtube.com/watch?v=NC9RAOuSYes&amp;t=10m18s"">10:18</a> –ø—Ä–æ–æ—Ä–∞–ª –∑–Ω–∞—Ç–Ω–æ",0
"–î–æ  <a href=""https://www.youtube.com/watch?v=NC9RAOuSYes&amp;t=1m34s"">1:34</a>  —Å–æ–±–∏—Ä–∞–ª—Å—è  –Ω–∞–ø–∏—Å–∞—Ç—å,  —á—Ç–æ-—Ç–æ  —Ç–∏–ø–∞  &quot;–Ω–æ—Ä–º–∞–ª—å–Ω—ã–π  —Å–≤–∞–¥–µ–±–Ω—ã–π  —Ñ–æ—Ç–æ–≥—Ä–∞—Ñ  —Ç–∞–∫–∏–µ  —Ñ–æ—Ç–∫–∏  —Å—Ä–∞–∑—É  –≤  –∫–æ—Ä–∑–∏–Ω—É  –æ—Ç–ø—Ä–∞–≤–ª—è–µ—Ç  –∏  –Ω–∏–∫–æ–º—É  –Ω–µ  –ø–æ–∫–∞–∑—ã–≤–∞–µ—Ç...&quot;",0
–≠—Ç–æ —Å–ª–∏—à–∫–æ–º —Å–ª–æ–∂–Ω–æ –¥–ª—è –±–æ–ª—å—à–µ–π —á–∞—Å—Ç–∏ –∞—É–¥–∏—Ç–æ—Ä–∏–∏ )),0
—Ö–æ—Ä–æ—à–∏–π –ø–æ–Ω—Ç –¥–æ—Ä–æ–∂–µ –¥–µ–Ω–µ–≥),0
"–ù–∏ –∫–æ–ø–µ–π–∫–∏ –Ω–µ –¥–∞–º! –ù–µ –∂–∞–ª–∫–æ, –Ω–æ –ø—Ä–æ—Å—Ç–æ –Ω–µ —Å—Ç–æ–∏—Ç —Å—Ä–∞–≤–Ω–∏–≤–∞—Ç—å &quot; –ø—Ä–æ–ø–ª–∞—á–µ–Ω–Ω—ã–π &quot; —Ä–æ–ª–∏–∫ –ø—Ä–æ –ê–π —Ñ—É! –ò –∫–∞–º–µ—Ä—É —Å –∫–∞—á–µ—Å—Ç–≤–æ–º.",0
"–ê–≤—Ç–æ—Ä, –ø–æ–ø—Ä–æ–±—É–π —Ä–∞—Å–ø–µ—á–∞—Ç–∞—Ç—å —Å–Ω–∏–º–æ–∫ —Å–¥–µ–ª–∞–Ω–Ω—ã–π –Ω–∞ –∞–π—Ñ–æ–Ω —Ä–∞–∑–º–µ—Ä–æ–º –ø—Ä–∏–º–µ—Ä–Ω–æ 12 –º–µ—Ç—Ä–æ–≤ –Ω–∞ 8 –º–µ—Ç—Ä–æ–≤. <br />–≠—Ç–æ —Ä–µ–∞–ª—å–Ω–æ? <br />–ï—Å–ª–∏ —Ä–∞–∑–º–µ—Ä —Ñ–∞–π–ª–∞ —á–µ—Ä–Ω–æ –±–µ–ª–æ–≥–æ –¥–ª—è –ø–µ—á–∞—Ç–∏ —è –ø–æ–¥–≥–æ—Ç–∞–≤–ª–∏–≤–∞—é –≤ 700-900–º–±. <br /><br />–Ø —Ä–µ–∫–æ–º–µ–Ω–¥—É—é —Ç–µ–±–µ –∏—Å–ø–æ–ª—å–∑–æ–≤–∞—Ç—å –≤–µ—â–∏ –ø–æ –Ω–∞–∑–Ω–∞—á–µ–Ω–∏—é.",0
–£ –º–µ–Ω—è Canon EOS 4000D.,0
"–î–∞ –æ–Ω–∞ –Ω–æ—á—å—é –≤–∏–¥–µ–æ —Å–Ω–∏–º–∞–µ—Ç , –ø–∞–ª—å—á–∏–∫–∏ –æ–±–ª–∏–∂–µ—à—å",0
"–ö–∞–∫–∏–º –±–æ–∫–æ–º –ø—Ä–∏–ª–æ–∂–µ–Ω—å–∫–∞ —É Sony –∫–∞—Å—Ç—Ä–∏—Ä–æ–≤–∞–Ω–Ω–∞—è?))) –Ø —Å —ç—Ç–æ–π –ø—Ä–∏–ª–æ–∂–µ–Ω—å–∫–∏ –º–æ–≥—É –≤–æ–æ–±—â–µ –≤—Å—ë –Ω—É–∂–Ω–æ–µ –¥–ª—è —Ñ–æ—Ç–æ –∏ –≤–∏–¥–µ–æ –Ω–∞—Å—Ç—Ä–æ–∏—Ç—å, –∞ –Ω–µ —Ç–æ–ª—å–∫–æ –º–æ–Ω–∏—Ç–æ—Ä–∏—Ç—å, –¥–∞ –µ—â–µ –∏ —Ñ–æ—Ç–∫—É —Å—Ä–∞–∑—É –ø–æ–ª—É—á–∏—Ç—å –≤ —Ç–µ–ª–µ—Ñ–æ–Ω, –µ—Å–ª–∏ –Ω–∞–¥–æ. –≠—Ç–æ –≤—ã –µ–µ –µ—â–µ –º–Ω–æ–≥–æ –ª–µ—Ç –Ω–∞–∑–∞–¥ –Ω–µ –≤–∏–¥–µ–ª–∏, –∫–æ–≥–¥–∞ –≤–æ–æ–±—â–µ –Ω–∏ —É –∫–æ–≥–æ —Ç–∞–∫–æ–≥–æ –Ω–µ –±—ã–ª–æ) –±—ã–ª–∏ —Å–≤–æ–∏ –∫–æ—Å—è–∫–∏, –Ω–æ –≤—Å–µ –ø–æ–ø—Ä–∞–≤–∏–ª–∏ –∏ –æ–±—ä–µ–∫—Ç–∏–≤–∞–º–∏, —Å –º–æ—Ç–æ—Ä–∏–∑–∏—Ä–æ–≤–∞–Ω–Ω—ã–º –∑—É–º–æ–º –º–æ–∂–Ω–æ —É–ø—Ä–∞–≤–ª—è—Ç—å –¥–∞–∂–µ.",0
"–≠—Ç–æ —Ç—ã –µ—â—ë –í–∞–ª—è –Ω–µ –∑–Ω–∞–µ—à—å, —Å–∫–æ–ª—å–∫–æ –±—É–¥–µ—Ç —Å—Ç–æ–∏—Ç—å –≤ 2019 –≥–æ–¥—É –Ω–æ–≤—ã–π Mac Pro c –Ω–æ–≤—ã–º –º–æ–Ω–∏–∫–æ–º!üòú",0
Prodajniy pedik,0
–ë–ª–∏–Ω –º–Ω–µ –ø—Ä–æ—Ñ–∏—Å–∏–æ–Ω–∞–ª—å–Ω—É—é –∫–∞–º–µ—Ä—É,0
"–Ø—Å–Ω–æ, –æ–ø—è—Ç—å –ø–∞—Ç–∞—é —Å–Ω—è–ª –≤–∏–¥–µ–æ...",0
